airline_code,flight_number,departure_code,arrival_code,departure_time,arrival_time,period_start,period_end,remarks,is_active
JAL,101,HND,ITM,06:30:00,07:40:00,2026-03-01,2026-03-28,,true
JAL,103,HND,ITM,07:30:00,08:40:00,2026-03-01,2026-03-28,,true
JAL,107,HND,ITM,08:35:00,09:40:00,2026-03-01,2026-03-28,,true
JAL,111,HND,ITM,09:30:00,10:40:00,2026-03-01,2026-03-28,,true
JAL,113,HND,ITM,10:35:00,11:45:00,2026-03-01,2026-03-28,,true
JAL,115,HND,ITM,11:35:00,12:45:00,2026-03-01,2026-03-28,,true
JAL,117,HND,ITM,12:40:00,13:50:00,2026-03-01,2026-03-28,,true
JAL,119,HND,ITM,13:30:00,14:40:00,2026-03-01,2026-03-28,,true
JAL,121,HND,ITM,14:35:00,15:45:00,2026-03-01,2026-03-28,3月1～12日5分早発,true
JAL,125,HND,ITM,14:40:00,15:50:00,2026-03-01,2026-03-28,3月1～12日5分遅発,true
JAL,127,HND,ITM,16:25:00,17:30:00,2026-03-01,2026-03-28,,true
JAL,131,HND,ITM,17:35:00,18:45:00,2026-03-01,2026-03-28,,true
JAL,133,HND,ITM,18:05:00,19:15:00,2026-03-01,2026-03-28,,true
JAL,137,HND,ITM,18:45:00,20:00:00,2026-03-01,2026-03-28,,true
JAL,139,HND,ITM,18:55:00,20:15:00,2026-03-01,2026-03-28,,true
JAL,102,HND,ITM,07:05:00,08:10:00,2026-03-01,2026-03-28,,true
JAL,104,HND,ITM,07:30:00,08:40:00,2026-03-01,2026-03-28,,true
JAL,106,HND,ITM,08:25:00,09:35:00,2026-03-01,2026-03-28,,true
JAL,110,HND,ITM,09:30:00,10:40:00,2026-03-01,2026-03-28,,true
JAL,112,HND,ITM,10:35:00,11:45:00,2026-03-01,2026-03-28,3月1～12日10分遅発,true
JAL,114,HND,ITM,11:25:00,12:35:00,2026-03-01,2026-03-28,,true
JAL,116,HND,ITM,12:30:00,13:40:00,2026-03-01,2026-03-28,,true
JAL,118,HND,ITM,13:40:00,14:50:00,2026-03-01,2026-03-28,,true
JAL,120,HND,ITM,14:30:00,15:35:00,2026-03-01,2026-03-28,,true
JAL,124,HND,ITM,15:30:00,16:45:00,2026-03-01,2026-03-28,,true
JAL,126,HND,ITM,16:30:00,17:45:00,2026-03-01,2026-03-28,,true
JAL,128,HND,ITM,16:45:00,18:00:00,2026-03-01,2026-03-28,,true
JAL,130,HND,ITM,18:30:00,19:45:00,2026-03-01,2026-03-28,,true
JAL,134,HND,ITM,19:30:00,20:40:00,2026-03-01,2026-03-28,,true
JAL,138,HND,ITM,20:05:00,21:15:00,2026-03-01,2026-03-28,,true
JAL,221,HND,KIX,07:00:00,08:25:00,2026-03-01,2026-03-28,,true
JAL,225,HND,KIX,12:45:00,14:10:00,2026-03-01,2026-03-28,,true
JAL,229,HND,KIX,20:55:00,22:15:00,2026-03-01,2026-03-28,,true
JAL,220,HND,KIX,07:00:00,08:05:00,2026-03-01,2026-03-28,,true
JAL,224,HND,KIX,15:00:00,16:15:00,2026-03-01,2026-03-28,,true
JAL,228,HND,KIX,21:00:00,22:15:00,2026-03-01,2026-03-28,,true
JAL,501,HND,CTS,06:30:00,08:05:00,2026-03-01,2026-03-28,3月1～12日5分早発,true
JAL,503,HND,CTS,07:30:00,09:00:00,2026-03-01,2026-03-28,,true
JAL,505,HND,CTS,08:05:00,09:40:00,2026-03-01,2026-03-28,,true
JAL,507,HND,CTS,08:55:00,10:30:00,2026-03-01,2026-03-28,,true
JAL,509,HND,CTS,09:55:00,11:30:00,2026-03-01,2026-03-28,,true
JAL,511,HND,CTS,10:20:00,11:55:00,2026-03-01,2026-03-28,,true
JAL,513,HND,CTS,11:30:00,13:10:00,2026-03-01,2026-03-28,,true
JAL,515,HND,CTS,12:30:00,14:05:00,2026-03-01,2026-03-28,,true
JAL,517,HND,CTS,13:15:00,14:50:00,2026-03-01,2026-03-28,,true
JAL,519,HND,CTS,14:30:00,16:05:00,2026-03-01,2026-03-28,,true
JAL,521,HND,CTS,15:30:00,17:05:00,2026-03-01,2026-03-28,,true
JAL,523,HND,CTS,16:55:00,18:35:00,2026-03-01,2026-03-28,,true
JAL,525,HND,CTS,17:35:00,19:15:00,2026-03-01,2026-03-28,,true
JAL,527,HND,CTS,18:30:00,20:05:00,2026-03-01,2026-03-28,,true
JAL,529,HND,CTS,19:45:00,21:20:00,2026-03-01,2026-03-28,,true
JAL,599,HND,CTS,20:30:00,22:10:00,2026-03-01,2026-03-28,,true
JAL,531,HND,CTS,20:40:00,22:15:00,2026-03-01,2026-03-28,,true
JAL,590,HND,CTS,07:25:00,09:05:00,2026-03-01,2026-03-28,,true
JAL,500,HND,CTS,07:40:00,09:20:00,2026-03-01,2026-03-28,,true
JAL,502,HND,CTS,08:50:00,10:30:00,2026-03-01,2026-03-28,,true
JAL,504,HND,CTS,10:00:00,11:40:00,2026-03-01,2026-03-28,,true
JAL,506,HND,CTS,10:35:00,12:20:00,2026-03-01,2026-03-28,,true
JAL,508,HND,CTS,11:40:00,13:25:00,2026-03-01,2026-03-28,,true
JAL,510,HND,CTS,12:55:00,14:40:00,2026-03-01,2026-03-28,,true
JAL,512,HND,CTS,14:10:00,15:50:00,2026-03-01,2026-03-28,,true
JAL,514,HND,CTS,15:10:00,16:55:00,2026-03-01,2026-03-28,,true
JAL,516,HND,CTS,15:45:00,17:35:00,2026-03-01,2026-03-28,,true
JAL,518,HND,CTS,17:00:00,18:45:00,2026-03-01,2026-03-28,,true
JAL,520,HND,CTS,17:25:00,19:15:00,2026-03-01,2026-03-28,,true
JAL,522,HND,CTS,18:00:00,19:45:00,2026-03-01,2026-03-28,,true
JAL,524,HND,CTS,19:30:00,21:15:00,2026-03-01,2026-03-28,,true
JAL,526,HND,CTS,20:10:00,21:55:00,2026-03-01,2026-03-28,,true
JAL,528,HND,CTS,21:05:00,22:50:00,2026-03-01,2026-03-28,,true
JAL,530,HND,CTS,21:15:00,23:00:00,2026-03-01,2026-03-28,,true
JAL,201,HND,NGO,08:10:00,09:10:00,2026-03-01,2026-03-28,,true
JAL,209,HND,NGO,19:55:00,21:00:00,2026-03-01,2026-03-28,,true
JAL,202,HND,NGO,07:40:00,08:40:00,2026-03-01,2026-03-28,,true
JAL,208,HND,NGO,21:15:00,22:20:00,2026-03-01,2026-03-28,,true
JAL,303,HND,FUK,06:25:00,08:25:00,2026-03-01,2026-03-28,,true
JAL,305,HND,FUK,07:05:00,09:00:00,2026-03-01,2026-03-28,,true
JAL,307,HND,FUK,08:00:00,10:00:00,2026-03-01,2026-03-28,,true
JAL,309,HND,FUK,09:05:00,11:05:00,2026-03-01,2026-03-28,,true
JAL,311,HND,FUK,09:10:00,11:10:00,2026-03-01,2026-03-28,,true
JAL,313,HND,FUK,10:00:00,12:00:00,2026-03-01,2026-03-28,,true
JAL,315,HND,FUK,11:00:00,13:00:00,2026-03-01,2026-03-28,,true
JAL,317,HND,FUK,12:05:00,14:00:00,2026-03-01,2026-03-28,,true
JAL,319,HND,FUK,13:00:00,15:00:00,2026-03-01,2026-03-28,,true
JAL,321,HND,FUK,13:45:00,15:40:00,2026-03-01,2026-03-28,,true
JAL,323,HND,FUK,15:10:00,17:10:00,2026-03-01,2026-03-28,,true
JAL,325,HND,FUK,15:55:00,17:55:00,2026-03-01,2026-03-28,,true
JAL,327,HND,FUK,16:55:00,19:05:00,2026-03-01,2026-03-28,,true
JAL,329,HND,FUK,17:55:00,20:00:00,2026-03-01,2026-03-28,,true
JAL,331,HND,FUK,18:40:00,20:40:00,2026-03-01,2026-03-28,,true
JAL,333,HND,FUK,19:05:00,21:10:00,2026-03-01,2026-03-28,,true
JAL,335,HND,FUK,19:25:00,21:30:00,2026-03-01,2026-03-28,,true
JAL,300,HND,FUK,07:00:00,08:35:00,2026-03-01,2026-03-28,,true
JAL,302,HND,FUK,07:25:00,09:00:00,2026-03-01,2026-03-28,,true
JAL,304,HND,FUK,08:25:00,10:00:00,2026-03-01,2026-03-28,,true
JAL,306,HND,FUK,09:25:00,11:00:00,2026-03-01,2026-03-28,,true
JAL,308,HND,FUK,10:00:00,11:35:00,2026-03-01,2026-03-28,,true
JAL,310,HND,FUK,11:00:00,12:40:00,2026-03-01,2026-03-28,,true
JAL,312,HND,FUK,12:00:00,13:40:00,2026-03-01,2026-03-28,,true
JAL,314,HND,FUK,13:00:00,14:40:00,2026-03-01,2026-03-28,,true
JAL,316,HND,FUK,14:00:00,15:40:00,2026-03-01,2026-03-28,,true
JAL,318,HND,FUK,14:45:00,16:30:00,2026-03-01,2026-03-28,3月1～12日5分遅発,true
JAL,320,HND,FUK,15:55:00,17:35:00,2026-03-01,2026-03-28,,true
JAL,322,HND,FUK,16:50:00,18:30:00,2026-03-01,2026-03-28,,true
JAL,324,HND,FUK,17:15:00,19:00:00,2026-03-01,2026-03-28,,true
JAL,326,HND,FUK,18:10:00,19:50:00,2026-03-01,2026-03-28,,true
JAL,328,HND,FUK,18:55:00,20:35:00,2026-03-01,2026-03-28,,true
JAL,330,HND,FUK,20:05:00,21:45:00,2026-03-01,2026-03-28,,true
JAL,332,HND,FUK,21:05:00,22:40:00,2026-03-01,2026-03-28,,true
JAL,901,HND,OKA,06:20:00,09:10:00,2026-03-01,2026-03-28,,true
JAL,903,HND,OKA,07:20:00,10:10:00,2026-03-01,2026-03-28,,true
JAL,905,HND,OKA,08:00:00,11:00:00,2026-03-01,2026-03-28,,true
JAL,907,HND,OKA,08:30:00,11:25:00,2026-03-01,2026-03-28,,true
JAL,909,HND,OKA,09:40:00,12:30:00,2026-03-01,2026-03-28,,true
JAL,913,HND,OKA,10:30:00,13:20:00,2026-03-01,2026-03-28,,true
JAL,987,HND,OKA,11:30:00,14:20:00,2026-03-01,2026-03-28,,true
JAL,915,HND,OKA,11:55:00,14:45:00,2026-03-01,2026-03-28,,true
JAL,917,HND,OKA,14:15:00,17:05:00,2026-03-01,2026-03-28,3月1～12日15分早発,true
JAL,919,HND,OKA,15:00:00,17:50:00,2026-03-01,2026-03-28,,true
JAL,921,HND,OKA,16:00:00,18:50:00,2026-03-01,2026-03-28,,true
JAL,923,HND,OKA,17:20:00,20:10:00,2026-03-01,2026-03-28,,true
JAL,925,HND,OKA,20:00:00,22:40:00,2026-03-01,2026-03-28,,true
JAL,900,HND,OKA,07:25:00,09:40:00,2026-03-01,2026-03-28,,true
JAL,902,HND,OKA,10:20:00,12:35:00,2026-03-01,2026-03-28,,true
JAL,904,HND,OKA,11:15:00,13:30:00,2026-03-01,2026-03-28,,true
JAL,906,HND,OKA,11:35:00,13:55:00,2026-03-01,2026-03-28,,true
JAL,908,HND,OKA,12:20:00,14:35:00,2026-03-01,2026-03-28,,true
JAL,910,HND,OKA,13:40:00,15:55:00,2026-03-01,2026-03-28,,true
JAL,912,HND,OKA,14:15:00,16:35:00,2026-03-01,2026-03-28,3月1～12日5分早発,true
JAL,988,HND,OKA,15:15:00,17:35:00,2026-03-01,2026-03-28,3月1～12日5分早発,true
JAL,914,HND,OKA,15:45:00,18:05:00,2026-03-01,2026-03-28,,true
JAL,916,HND,OKA,18:00:00,20:15:00,2026-03-01,2026-03-28,3月1～12日15分早発,true
JAL,918,HND,OKA,18:55:00,21:10:00,2026-03-01,2026-03-28,,true
JAL,920,HND,OKA,19:50:00,22:05:00,2026-03-01,2026-03-28,,true
JAL,922,HND,OKA,20:50:00,23:05:00,2026-03-01,2026-03-28,,true
JAL,605,HND,NGS,07:30:00,09:25:00,2026-03-01,2026-03-28,3月1～12日5分遅発,true
JAL,607,HND,NGS,09:40:00,11:40:00,2026-03-01,2026-03-28,3月1～12日10分早発,true
JAL,609,HND,NGS,12:30:00,14:30:00,2026-03-01,2026-03-28,,true
JAL,611,HND,NGS,14:05:00,16:05:00,2026-03-01,2026-03-28,,true
JAL,613,HND,NGS,17:45:00,19:55:00,2026-03-01,2026-03-28,,true
JAL,615,HND,NGS,19:05:00,21:05:00,2026-03-01,2026-03-28,,true
JAL,606,HND,NGS,07:40:00,09:20:00,2026-03-01,2026-03-28,,true
JAL,608,HND,NGS,10:20:00,11:55:00,2026-03-01,2026-03-28,3月1～12日5分遅発,true
JAL,610,HND,NGS,12:25:00,14:00:00,2026-03-01,2026-03-28,3月1～12日5分早発,true
JAL,612,HND,NGS,15:15:00,16:55:00,2026-03-01,2026-03-28,,true
JAL,614,HND,NGS,16:40:00,18:25:00,2026-03-01,2026-03-28,,true
JAL,616,HND,NGS,20:35:00,22:10:00,2026-03-01,2026-03-28,,true
JAL,623,HND,KMJ,06:45:00,08:40:00,2026-03-01,2026-03-28,3月1～12日15分早発,true
JAL,625,HND,KMJ,08:05:00,10:00:00,2026-03-01,2026-03-28,,true
JAL,627,HND,KMJ,10:10:00,12:05:00,2026-03-01,2026-03-28,,true
JAL,629,HND,KMJ,11:30:00,13:25:00,2026-03-01,2026-03-28,,true
JAL,631,HND,KMJ,13:15:00,15:05:00,2026-03-01,2026-03-28,,true
JAL,633,HND,KMJ,15:05:00,16:55:00,2026-03-01,2026-03-28,,true
JAL,637,HND,KMJ,17:45:00,19:40:00,2026-03-01,2026-03-28,,true
JAL,639,HND,KMJ,19:00:00,20:55:00,2026-03-01,2026-03-28,,true
JAL,622,HND,KMJ,07:35:00,09:10:00,2026-03-01,2026-03-28,,true
JAL,624,HND,KMJ,09:20:00,10:50:00,2026-03-01,2026-03-28,3月1～12日5分早発,true
JAL,626,HND,KMJ,10:40:00,12:10:00,2026-03-01,2026-03-28,,true
JAL,628,HND,KMJ,12:45:00,14:20:00,2026-03-01,2026-03-28,,true
JAL,630,HND,KMJ,14:10:00,15:45:00,2026-03-01,2026-03-28,,true
JAL,632,HND,KMJ,15:45:00,17:25:00,2026-03-01,2026-03-28,,true
JAL,634,HND,KMJ,17:40:00,19:15:00,2026-03-01,2026-03-28,,true
JAL,638,HND,KMJ,20:25:00,22:00:00,2026-03-01,2026-03-28,,true
JAL,661,HND,OIT,08:00:00,09:45:00,2026-03-01,2026-03-28,3月1～12日5分遅着,true
JAL,663,HND,OIT,09:30:00,11:15:00,2026-03-01,2026-03-28,,true
JAL,665,HND,OIT,12:10:00,13:55:00,2026-03-01,2026-03-28,,true
JAL,667,HND,OIT,14:35:00,16:15:00,2026-03-01,2026-03-28,,true
JAL,669,HND,OIT,16:50:00,18:35:00,2026-03-01,2026-03-28,,true
JAL,671,HND,OIT,19:55:00,21:35:00,2026-03-01,2026-03-28,,true
JAL,662,HND,OIT,07:50:00,09:15:00,2026-03-01,2026-03-28,,true
JAL,664,HND,OIT,10:30:00,11:55:00,2026-03-01,2026-03-28,,true
JAL,668,HND,OIT,11:55:00,13:20:00,2026-03-01,2026-03-28,,true
JAL,670,HND,OIT,14:40:00,16:10:00,2026-03-01,2026-03-28,,true
JAL,672,HND,OIT,17:15:00,18:50:00,2026-03-01,2026-03-28,,true
JAL,674,HND,OIT,19:30:00,20:55:00,2026-03-01,2026-03-28,,true
JAL,431,HND,MYJ,07:10:00,08:40:00,2026-03-01,2026-03-28,,true
JAL,433,HND,MYJ,09:40:00,11:15:00,2026-03-01,2026-03-28,,true
JAL,435,HND,MYJ,12:05:00,13:40:00,2026-03-01,2026-03-28,,true
JAL,437,HND,MYJ,15:25:00,17:00:00,2026-03-01,2026-03-28,,true
JAL,439,HND,MYJ,16:25:00,18:00:00,2026-03-01,2026-03-28,3月1～12日5分遅着,true
JAL,443,HND,MYJ,19:40:00,21:10:00,2026-03-01,2026-03-28,,true
JAL,430,HND,MYJ,07:40:00,09:00:00,2026-03-01,2026-03-28,,true
JAL,432,HND,MYJ,09:25:00,10:50:00,2026-03-01,2026-03-28,,true
JAL,434,HND,MYJ,11:50:00,13:15:00,2026-03-01,2026-03-28,,true
JAL,436,HND,MYJ,14:25:00,15:50:00,2026-03-01,2026-03-28,,true
JAL,438,HND,MYJ,17:40:00,19:10:00,2026-03-01,2026-03-28,,true
JAL,440,HND,MYJ,18:45:00,20:10:00,2026-03-01,2026-03-28,3月1～12日5分遅発,true
JAL,253,HND,HIJ,06:35:00,08:00:00,2026-03-01,2026-03-28,3月1～12日10分遅発,true
JAL,255,HND,HIJ,08:50:00,10:20:00,2026-03-01,2026-03-28,,true
JAL,257,HND,HIJ,10:05:00,11:30:00,2026-03-01,2026-03-28,,true
JAL,259,HND,HIJ,11:45:00,13:10:00,2026-03-01,2026-03-28,,true
JAL,263,HND,HIJ,14:15:00,15:40:00,2026-03-01,2026-03-28,,true
JAL,265,HND,HIJ,17:55:00,19:30:00,2026-03-01,2026-03-28,,true
JAL,267,HND,HIJ,19:55:00,21:25:00,2026-03-01,2026-03-28,,true
JAL,252,HND,HIJ,07:40:00,09:00:00,2026-03-01,2026-03-28,3月1～12日5分遅発,true
JAL,254,HND,HIJ,08:45:00,10:00:00,2026-03-01,2026-03-28,3月1～12日15分遅発,true
JAL,256,HND,HIJ,12:15:00,13:35:00,2026-03-01,2026-03-28,3月1～12日5分遅発,true
JAL,258,HND,HIJ,13:45:00,15:05:00,2026-03-01,2026-03-28,,true
JAL,262,HND,HIJ,16:15:00,17:40:00,2026-03-01,2026-03-28,,true
JAL,264,HND,HIJ,17:50:00,19:15:00,2026-03-01,2026-03-28,,true
JAL,266,HND,HIJ,20:30:00,21:50:00,2026-03-01,2026-03-28,,true
JAL,475,HND,TAK,07:45:00,09:10:00,2026-03-01,2026-03-28,,true
JAL,477,HND,TAK,09:35:00,11:00:00,2026-03-01,2026-03-28,,true
JAL,479,HND,TAK,11:25:00,12:45:00,2026-03-01,2026-03-28,,true
JAL,481,HND,TAK,13:20:00,14:40:00,2026-03-01,2026-03-28,,true
JAL,483,HND,TAK,15:00:00,16:20:00,2026-03-01,2026-03-28,,true
JAL,485,HND,TAK,18:10:00,19:35:00,2026-03-01,2026-03-28,3月1～12日5分早発(到着は同時刻),true
JAL,487,HND,TAK,20:15:00,21:35:00,2026-03-01,2026-03-28,,true
JAL,474,HND,TAK,07:05:00,08:20:00,2026-03-01,2026-03-28,3月1～12日5分遅発,true
JAL,476,HND,TAK,09:50:00,11:05:00,2026-03-01,2026-03-28,,true
JAL,478,HND,TAK,11:35:00,12:50:00,2026-03-01,2026-03-28,,true
JAL,480,HND,TAK,13:25:00,14:40:00,2026-03-01,2026-03-28,,true
JAL,482,HND,TAK,15:20:00,16:40:00,2026-03-01,2026-03-28,,true
JAL,484,HND,TAK,16:55:00,18:15:00,2026-03-01,2026-03-28,,true
JAL,486,HND,TAK,20:20:00,21:35:00,2026-03-01,2026-03-28,,true
JAL,491,HND,KCZ,07:35:00,09:00:00,2026-03-01,2026-03-28,,true
JAL,493,HND,KCZ,09:15:00,10:45:00,2026-03-01,2026-03-28,,true
JAL,495,HND,KCZ,13:35:00,15:00:00,2026-03-01,2026-03-28,,true
JAL,497,HND,KCZ,16:40:00,18:10:00,2026-03-01,2026-03-28,,true
JAL,499,HND,KCZ,18:55:00,20:20:00,2026-03-01,2026-03-28,,true
JAL,490,HND,KCZ,07:10:00,08:25:00,2026-03-01,2026-03-28,,true
JAL,492,HND,KCZ,09:45:00,11:00:00,2026-03-01,2026-03-28,,true
JAL,494,HND,KCZ,11:20:00,12:40:00,2026-03-01,2026-03-28,,true
JAL,496,HND,KCZ,15:55:00,17:20:00,2026-03-01,2026-03-28,,true
JAL,498,HND,KCZ,19:10:00,20:30:00,2026-03-01,2026-03-28,,true
JAL,453,HND,TKS,07:00:00,08:15:00,2026-03-01,2026-03-28,,true
JAL,455,HND,TKS,10:15:00,11:35:00,2026-03-01,2026-03-28,,true
JAL,459,HND,TKS,12:30:00,13:45:00,2026-03-01,2026-03-28,,true
JAL,461,HND,TKS,15:40:00,16:55:00,2026-03-01,2026-03-28,,true
JAL,463,HND,TKS,18:30:00,19:45:00,2026-03-01,2026-03-28,,true
JAL,465,HND,TKS,19:35:00,20:50:00,2026-03-01,2026-03-28,,true
JAL,452,HND,TKS,07:40:00,08:55:00,2026-03-01,2026-03-28,,true
JAL,454,HND,TKS,09:00:00,10:15:00,2026-03-01,2026-03-28,3月1～12日5分早発,true
JAL,456,HND,TKS,12:15:00,13:30:00,2026-03-01,2026-03-28,,true
JAL,460,HND,TKS,14:45:00,16:00:00,2026-03-01,2026-03-28,,true
JAL,462,HND,TKS,17:40:00,19:00:00,2026-03-01,2026-03-28,,true
JAL,464,HND,TKS,20:30:00,21:45:00,2026-03-01,2026-03-28,,true
JAL,641,HND,KOJ,06:25:00,08:20:00,2026-03-01,2026-03-28,,true
JAL,643,HND,KOJ,08:05:00,10:00:00,2026-03-01,2026-03-28,,true
JAL,645,HND,KOJ,10:05:00,11:55:00,2026-03-01,2026-03-28,,true
JAL,647,HND,KOJ,11:55:00,13:50:00,2026-03-01,2026-03-28,,true
JAL,649,HND,KOJ,14:05:00,15:55:00,2026-03-01,2026-03-28,3月1～12日10分遅発,true
JAL,651,HND,KOJ,15:35:00,17:30:00,2026-03-01,2026-03-28,,true
JAL,653,HND,KOJ,18:20:00,20:15:00,2026-03-01,2026-03-28,,true
JAL,655,HND,KOJ,19:25:00,21:20:00,2026-03-01,2026-03-28,,true
JAL,640,HND,KOJ,07:40:00,09:20:00,2026-03-01,2026-03-28,,true
JAL,642,HND,KOJ,09:10:00,10:45:00,2026-03-01,2026-03-28,,true
JAL,644,HND,KOJ,11:00:00,12:35:00,2026-03-01,2026-03-28,,true
JAL,646,HND,KOJ,12:45:00,14:20:00,2026-03-01,2026-03-28,,true
JAL,648,HND,KOJ,14:40:00,16:20:00,2026-03-01,2026-03-28,,true
JAL,650,HND,KOJ,17:00:00,18:45:00,2026-03-01,2026-03-28,3月1～12日15分遅発,true
JAL,652,HND,KOJ,19:05:00,20:40:00,2026-03-01,2026-03-28,,true
JAL,654,HND,KOJ,21:00:00,22:35:00,2026-03-01,2026-03-28,,true
JAL,141,HND,AOJ,07:15:00,08:30:00,2026-03-01,2026-03-28,,true
JAL,143,HND,AOJ,09:50:00,11:05:00,2026-03-01,2026-03-28,,true
JAL,145,HND,AOJ,13:05:00,14:25:00,2026-03-01,2026-03-28,,true
JAL,147,HND,AOJ,16:00:00,17:20:00,2026-03-01,2026-03-28,,true
JAL,149,HND,AOJ,18:40:00,20:00:00,2026-03-01,2026-03-28,3月1～12日5分遅発,true
JAL,151,HND,AOJ,19:40:00,21:00:00,2026-03-01,2026-03-28,,true
JAL,140,HND,AOJ,07:40:00,09:00:00,2026-03-01,2026-03-28,,true
JAL,142,HND,AOJ,09:15:00,10:35:00,2026-03-01,2026-03-28,,true
JAL,144,HND,AOJ,11:55:00,13:20:00,2026-03-01,2026-03-28,,true
JAL,146,HND,AOJ,15:05:00,16:25:00,2026-03-01,2026-03-28,,true
JAL,148,HND,AOJ,18:00:00,19:30:00,2026-03-01,2026-03-28,,true
JAL,150,HND,AOJ,20:50:00,22:15:00,2026-03-01,2026-03-28,,true
JAL,551,HND,AKJ,07:35:00,09:15:00,2026-03-01,2026-03-28,3月1～12日5分早発10分早着,true
JAL,553,HND,AKJ,11:10:00,12:50:00,2026-03-01,2026-03-28,,true
JAL,555,HND,AKJ,14:00:00,15:35:00,2026-03-01,2026-03-28,3月1～12日5分遅発,true
JAL,557,HND,AKJ,17:15:00,19:05:00,2026-03-01,2026-03-28,3月1～12日5分早着,true
JAL,552,HND,AKJ,10:10:00,12:00:00,2026-03-01,2026-03-28,3月1～12日15分早発,true
JAL,554,HND,AKJ,13:35:00,15:25:00,2026-03-01,2026-03-28,,true
JAL,556,HND,AKJ,16:15:00,18:10:00,2026-03-01,2026-03-28,3月1～12日5分遅発,true
JAL,558,HND,AKJ,19:50:00,21:40:00,2026-03-01,2026-03-28,,true
JAL,161,HND,AXT,06:55:00,08:00:00,2026-03-01,2026-03-28,,true
JAL,163,HND,AXT,10:35:00,11:45:00,2026-03-01,2026-03-28,,true
JAL,165,HND,AXT,15:05:00,16:10:00,2026-03-01,2026-03-28,,true
JAL,167,HND,AXT,19:15:00,20:20:00,2026-03-01,2026-03-28,,true
JAL,162,HND,AXT,08:45:00,09:55:00,2026-03-01,2026-03-28,,true
JAL,164,HND,AXT,12:35:00,13:45:00,2026-03-01,2026-03-28,,true
JAL,166,HND,AXT,16:45:00,18:00:00,2026-03-01,2026-03-28,,true
JAL,168,HND,AXT,21:00:00,22:15:00,2026-03-01,2026-03-28,,true
JAL,175,HND,GAJ,07:30:00,08:25:00,2026-03-01,2026-03-28,,true
JAL,179,HND,GAJ,17:30:00,18:35:00,2026-03-01,2026-03-28,,true
JAL,174,HND,GAJ,09:50:00,11:00:00,2026-03-01,2026-03-28,,true
JAL,178,HND,GAJ,19:15:00,20:20:00,2026-03-01,2026-03-28,,true
JAL,565,HND,MMB,07:10:00,08:50:00,2026-03-01,2026-03-28,,true
JAL,567,HND,MMB,12:15:00,14:00:00,2026-03-01,2026-03-28,,true
JAL,569,HND,MMB,17:30:00,19:20:00,2026-03-01,2026-03-28,,true
JAL,562,HND,MMB,09:35:00,11:30:00,2026-03-01,2026-03-28,,true
JAL,564,HND,MMB,14:40:00,16:40:00,2026-03-01,2026-03-28,,true
JAL,566,HND,MMB,20:00:00,21:55:00,2026-03-01,2026-03-28,,true
JAL,573,HND,OBO,07:35:00,09:15:00,2026-03-01,2026-03-28,,true
JAL,575,HND,OBO,10:55:00,12:30:00,2026-03-01,2026-03-28,,true
JAL,577,HND,OBO,14:05:00,15:40:00,2026-03-01,2026-03-28,,true
JAL,579,HND,OBO,17:30:00,19:10:00,2026-03-01,2026-03-28,,true
JAL,570,HND,OBO,10:15:00,12:00:00,2026-03-01,2026-03-28,,true
JAL,572,HND,OBO,13:05:00,14:55:00,2026-03-01,2026-03-28,,true
JAL,574,HND,OBO,16:15:00,18:05:00,2026-03-01,2026-03-28,,true
JAL,576,HND,OBO,19:55:00,21:40:00,2026-03-01,2026-03-28,,true
JAL,541,HND,KUH,08:00:00,09:35:00,2026-03-01,2026-03-28,,true
JAL,543,HND,KUH,12:45:00,14:30:00,2026-03-01,2026-03-28,,true
JAL,545,HND,KUH,17:05:00,18:50:00,2026-03-01,2026-03-28,,true
JAL,540,HND,KUH,10:20:00,12:10:00,2026-03-01,2026-03-28,,true
JAL,542,HND,KUH,15:15:00,17:10:00,2026-03-01,2026-03-28,,true
JAL,544,HND,KUH,19:35:00,21:25:00,2026-03-01,2026-03-28,,true
JAL,585,HND,HKD,07:40:00,09:00:00,2026-03-01,2026-03-28,,true
JAL,587,HND,HKD,12:50:00,14:15:00,2026-03-01,2026-03-28,,true
JAL,589,HND,HKD,17:15:00,18:45:00,2026-03-01,2026-03-28,,true
JAL,584,HND,HKD,09:45:00,11:15:00,2026-03-01,2026-03-28,,true
JAL,586,HND,HKD,15:00:00,16:30:00,2026-03-01,2026-03-28,,true
JAL,588,HND,HKD,19:30:00,21:00:00,2026-03-01,2026-03-28,,true
JAL,971,HND,ISG,06:25:00,09:45:00,2026-03-01,2026-03-28,3月1～12日5分遅発15分遅着,true
JAL,973,HND,ISG,14:35:00,17:55:00,2026-03-01,2026-03-28,3月1～12日10分遅着,true
JAL,972,HND,ISG,10:45:00,13:20:00,2026-03-01,2026-03-28,3月1～12日5分早発(到着は同時刻),true
JAL,974,HND,ISG,19:20:00,22:00:00,2026-03-01,2026-03-28,3月1～12日5分遅着,true
JAL,933,HND,MMY,10:50:00,14:05:00,2026-03-01,2026-03-28,3月1～12日10分遅着,true
JAL,934,HND,MMY,14:50:00,17:25:00,2026-03-01,2026-03-28,3月1～12日5分遅発10分遅着,true
JAL,291,HND,UBJ,07:45:00,09:30:00,2026-03-01,2026-03-28,,true
JAL,293,HND,UBJ,12:20:00,14:05:00,2026-03-01,2026-03-28,,true
JAL,295,HND,UBJ,16:35:00,18:20:00,2026-03-01,2026-03-28,,true
JAL,297,HND,UBJ,18:55:00,20:40:00,2026-03-01,2026-03-28,,true
JAL,290,HND,UBJ,07:45:00,09:15:00,2026-03-01,2026-03-28,,true
JAL,292,HND,UBJ,10:05:00,11:35:00,2026-03-01,2026-03-28,,true
JAL,294,HND,UBJ,14:55:00,16:25:00,2026-03-01,2026-03-28,,true
JAL,296,HND,UBJ,19:10:00,20:40:00,2026-03-01,2026-03-28,,true
JAL,231,HND,OKJ,08:15:00,09:35:00,2026-03-01,2026-03-28,,true
JAL,233,HND,OKJ,10:20:00,11:45:00,2026-03-01,2026-03-28,3月1～12日20分遅発JAL運航,true
JAL,237,HND,OKJ,14:25:00,15:50:00,2026-03-01,2026-03-28,3月1～12日15分遅発10分遅着JAL運航,true
JAL,239,HND,OKJ,17:30:00,18:55:00,2026-03-01,2026-03-28,,true
JAL,241,HND,OKJ,19:50:00,21:10:00,2026-03-01,2026-03-28,3月1～12日5分遅発JAL運航,true
JAL,232,HND,OKJ,07:10:00,08:25:00,2026-03-01,2026-03-28,3月1～12日5分早着JAL運航,true
JAL,234,HND,OKJ,10:15:00,11:25:00,2026-03-01,2026-03-28,,true
JAL,236,HND,OKJ,12:25:00,13:45:00,2026-03-01,2026-03-28,3月1～12日25分遅発20分遅着JAL運航,true
JAL,240,HND,OKJ,17:40:00,19:00:00,2026-03-01,2026-03-28,3月1～12日10分早発JAL運航,true
JAL,242,HND,OKJ,19:35:00,20:50:00,2026-03-01,2026-03-28,,true
JAL,277,HND,IZO,07:05:00,08:35:00,2026-03-01,2026-03-28,,true
JAL,279,HND,IZO,09:50:00,11:15:00,2026-03-01,2026-03-28,3月1～12日5分早発,true
JAL,283,HND,IZO,14:45:00,16:10:00,2026-03-01,2026-03-28,3月1～12日5分早発,true
JAL,285,HND,IZO,16:30:00,18:05:00,2026-03-01,2026-03-28,,true
JAL,287,HND,IZO,18:10:00,19:45:00,2026-03-01,2026-03-28,,true
JAL,276,HND,IZO,07:40:00,09:00:00,2026-03-01,2026-03-28,,true
JAL,278,HND,IZO,09:25:00,10:40:00,2026-03-01,2026-03-28,,true
JAL,280,HND,IZO,12:00:00,13:15:00,2026-03-01,2026-03-28,,true
JAL,284,HND,IZO,17:10:00,18:35:00,2026-03-01,2026-03-28,,true
JAL,286,HND,IZO,18:55:00,20:15:00,2026-03-01,2026-03-28,,true
JAL,687,HND,KMI,08:05:00,09:55:00,2026-03-01,2026-03-28,,true
JAL,689,HND,KMI,10:00:00,11:50:00,2026-03-01,2026-03-28,,true
JAL,691,HND,KMI,11:35:00,13:25:00,2026-03-01,2026-03-28,,true
JAL,693,HND,KMI,14:30:00,16:20:00,2026-03-01,2026-03-28,3月1～12日5分早発,true
JAL,695,HND,KMI,17:15:00,19:05:00,2026-03-01,2026-03-28,,true
JAL,697,HND,KMI,18:40:00,20:30:00,2026-03-01,2026-03-28,,true
JAL,688,HND,KMI,07:40:00,09:15:00,2026-03-01,2026-03-28,,true
JAL,690,HND,KMI,10:45:00,12:20:00,2026-03-01,2026-03-28,,true
JAL,692,HND,KMI,12:55:00,14:30:00,2026-03-01,2026-03-28,,true
JAL,694,HND,KMI,14:00:00,15:35:00,2026-03-01,2026-03-28,,true
JAL,696,HND,KMI,16:50:00,18:30:00,2026-03-01,2026-03-28,,true
JAL,698,HND,KMI,19:45:00,21:20:00,2026-03-01,2026-03-28,,true
JAL,659,HND,ASJ,11:15:00,13:35:00,2026-03-01,2026-03-28,,true
JAL,658,HND,ASJ,14:25:00,16:25:00,2026-03-01,2026-03-28,,true
JAL,153,HND,MSJ,07:50:00,09:10:00,2026-03-01,2026-03-28,,true
JAL,155,HND,MSJ,10:45:00,12:10:00,2026-03-01,2026-03-28,,true
JAL,157,HND,MSJ,14:50:00,16:10:00,2026-03-01,2026-03-28,,true
JAL,159,HND,MSJ,17:10:00,18:35:00,2026-03-01,2026-03-28,,true
JAL,152,HND,MSJ,10:00:00,11:25:00,2026-03-01,2026-03-28,,true
JAL,154,HND,MSJ,12:45:00,14:10:00,2026-03-01,2026-03-28,,true
JAL,156,HND,MSJ,16:40:00,18:10:00,2026-03-01,2026-03-28,,true
JAL,158,HND,MSJ,19:15:00,20:40:00,2026-03-01,2026-03-28,,true
JAL,213,HND,SHM,07:35:00,08:50:00,2026-03-01,2026-03-28,,true
JAL,215,HND,SHM,11:45:00,13:00:00,2026-03-01,2026-03-28,,true
JAL,219,HND,SHM,16:20:00,17:30:00,2026-03-01,2026-03-28,,true
JAL,212,HND,SHM,09:30:00,10:35:00,2026-03-01,2026-03-28,,true
JAL,214,HND,SHM,13:45:00,14:55:00,2026-03-01,2026-03-28,,true
JAL,218,HND,SHM,18:15:00,19:30:00,2026-03-01,2026-03-28,,true
JAL,373,HND,KKJ,07:50:00,09:40:00,2026-03-01,2026-03-28,,true
JAL,375,HND,KKJ,13:30:00,15:15:00,2026-03-01,2026-03-28,,true
JAL,377,HND,KKJ,18:25:00,20:10:00,2026-03-01,2026-03-28,,true
JAL,374,HND,KKJ,10:25:00,11:50:00,2026-03-01,2026-03-28,,true
JAL,376,HND,KKJ,15:55:00,17:30:00,2026-03-01,2026-03-28,3月1～12日5分早発,true
JAL,378,HND,KKJ,20:55:00,22:20:00,2026-03-01,2026-03-28,,true
JAL,183,HND,KMQ,07:15:00,08:15:00,2026-03-01,2026-03-28,,true
JAL,185,HND,KMQ,09:20:00,10:25:00,2026-03-01,2026-03-28,3月1～12日5分早着JAL運航,true
JAL,187,HND,KMQ,13:00:00,14:05:00,2026-03-01,2026-03-28,3月1～12日JAL運航,true
JAL,189,HND,KMQ,16:35:00,17:45:00,2026-03-01,2026-03-28,3月1～12日JAL運航,true
JAL,191,HND,KMQ,18:45:00,19:50:00,2026-03-01,2026-03-28,3月1～12日5分早発(到着は同時刻),true
JAL,193,HND,KMQ,20:40:00,21:50:00,2026-03-01,2026-03-28,3月1～12日5分早着JAL運航,true
JAL,182,HND,KMQ,07:40:00,08:50:00,2026-03-01,2026-03-28,3月1～12日5分遅発(到着は同時刻)JAL運航,true
JAL,184,HND,KMQ,09:00:00,10:05:00,2026-03-01,2026-03-28,3月1～12日5分早発(到着は同時刻),true
JAL,186,HND,KMQ,11:10:00,12:20:00,2026-03-01,2026-03-28,3月1～12日JAL運航,true
JAL,188,HND,KMQ,14:45:00,15:55:00,2026-03-01,2026-03-28,3月1～12日JAL運航,true
JAL,190,HND,KMQ,18:25:00,19:40:00,2026-03-01,2026-03-28,3月1～12日5分早着JAL運航,true
JAL,192,HND,KMQ,20:30:00,21:35:00,2026-03-01,2026-03-28,,true
JAL,3009,NRT,ITM,18:25:00,19:50:00,2026-03-01,2026-03-28,,true
JAL,3006,NRT,ITM,14:35:00,16:00:00,2026-03-01,2026-03-28,,true
JAL,3083,NRT,NGO,10:30:00,11:40:00,2026-03-01,2026-03-28,,true
JAL,3087,NRT,NGO,18:30:00,19:45:00,2026-03-01,2026-03-28,,true
JAL,3082,NRT,NGO,08:15:00,09:25:00,2026-03-01,2026-03-28,3月1～12日5分遅発,true
JAL,3084,NRT,NGO,14:30:00,15:50:00,2026-03-01,2026-03-28,,true
JAL,2001,ITM,CTS,07:55:00,09:45:00,2026-03-01,2026-03-28,,true
JAL,2005,ITM,CTS,11:45:00,13:30:00,2026-03-01,2026-03-28,,true
JAL,2009,ITM,CTS,15:00:00,16:45:00,2026-03-01,2026-03-28,,true
JAL,2019,ITM,CTS,18:40:00,20:25:00,2026-03-01,2026-03-28,,true
JAL,2000,ITM,CTS,08:55:00,10:55:00,2026-03-01,2026-03-28,,true
JAL,2004,ITM,CTS,12:15:00,14:15:00,2026-03-01,2026-03-28,,true
JAL,2010,ITM,CTS,15:55:00,17:55:00,2026-03-01,2026-03-28,,true
JAL,2016,ITM,CTS,17:35:00,19:35:00,2026-03-01,2026-03-28,,true
JAL,2051,ITM,FUK,07:20:00,08:35:00,2026-03-01,2026-03-28,,true
JAL,2053,ITM,FUK,09:20:00,10:40:00,2026-03-01,2026-03-28,,true
JAL,2057,ITM,FUK,13:40:00,14:55:00,2026-03-01,2026-03-28,,true
JAL,2061,ITM,FUK,20:00:00,21:30:00,2026-03-01,2026-03-28,,true
JAL,2050,ITM,FUK,07:00:00,08:00:00,2026-03-01,2026-03-28,,true
JAL,2056,ITM,FUK,14:40:00,15:50:00,2026-03-01,2026-03-28,,true
JAL,2058,ITM,FUK,17:00:00,18:05:00,2026-03-01,2026-03-28,,true
JAL,2060,ITM,FUK,18:35:00,19:50:00,2026-03-01,2026-03-28,,true
JAL,2081,ITM,OKA,08:15:00,10:40:00,2026-03-01,2026-03-28,,true
JAL,2087,ITM,OKA,14:45:00,17:00:00,2026-03-01,2026-03-28,,true
JAL,2084,ITM,OKA,11:55:00,13:45:00,2026-03-01,2026-03-28,,true
JAL,2088,ITM,OKA,18:10:00,20:00:00,2026-03-01,2026-03-28,,true
JAL,2371,ITM,NGS,07:10:00,08:30:00,2026-03-01,2026-03-28,,true
JAL,2373,ITM,NGS,11:25:00,12:45:00,2026-03-01,2026-03-28,,true
JAL,2375,ITM,NGS,12:40:00,14:00:00,2026-03-01,2026-03-28,,true
JAL,2377,ITM,NGS,17:25:00,18:45:00,2026-03-01,2026-03-28,,true
JAL,2372,ITM,NGS,09:10:00,10:20:00,2026-03-01,2026-03-28,,true
JAL,2374,ITM,NGS,13:15:00,14:25:00,2026-03-01,2026-03-28,,true
JAL,2376,ITM,NGS,14:35:00,15:45:00,2026-03-01,2026-03-28,,true
JAL,2378,ITM,NGS,19:15:00,20:30:00,2026-03-01,2026-03-28,,true
JAL,2383,ITM,KMJ,07:15:00,08:30:00,2026-03-01,2026-03-28,,true
JAL,2385,ITM,KMJ,10:20:00,11:35:00,2026-03-01,2026-03-28,,true
JAL,3881,ITM,KMJ,12:40:00,14:20:00,2026-03-01,2026-03-28,,true
JAL,2389,ITM,KMJ,17:30:00,18:40:00,2026-03-01,2026-03-28,,true
JAL,2393,ITM,KMJ,19:25:00,20:40:00,2026-03-01,2026-03-28,,true
JAL,2380,ITM,KMJ,07:45:00,08:45:00,2026-03-01,2026-03-28,,true
JAL,2382,ITM,KMJ,09:00:00,10:05:00,2026-03-01,2026-03-28,,true
JAL,3880,ITM,KMJ,10:45:00,12:00:00,2026-03-01,2026-03-28,,true
JAL,2386,ITM,KMJ,12:05:00,13:10:00,2026-03-01,2026-03-28,,true
JAL,2392,ITM,KMJ,19:10:00,20:30:00,2026-03-01,2026-03-28,,true
JAL,2361,ITM,OIT,07:10:00,08:10:00,2026-03-01,2026-03-28,,true
JAL,2365,ITM,OIT,10:10:00,11:15:00,2026-03-01,2026-03-28,,true
JAL,2367,ITM,OIT,17:35:00,18:35:00,2026-03-01,2026-03-28,,true
JAL,2362,ITM,OIT,08:40:00,09:35:00,2026-03-01,2026-03-28,,true
JAL,2364,ITM,OIT,11:45:00,12:40:00,2026-03-01,2026-03-28,,true
JAL,2366,ITM,OIT,19:05:00,20:10:00,2026-03-01,2026-03-28,,true
JAL,2301,ITM,MYJ,08:30:00,09:25:00,2026-03-01,2026-03-28,,true
JAL,2309,ITM,MYJ,18:45:00,19:35:00,2026-03-01,2026-03-28,,true
JAL,2300,ITM,MYJ,09:55:00,10:45:00,2026-03-01,2026-03-28,,true
JAL,2310,ITM,MYJ,19:20:00,20:15:00,2026-03-01,2026-03-28,,true
JAL,2401,ITM,KOJ,07:10:00,08:25:00,2026-03-01,2026-03-28,,true
JAL,2405,ITM,KOJ,09:10:00,10:25:00,2026-03-01,2026-03-28,,true
JAL,2407,ITM,KOJ,10:45:00,12:00:00,2026-03-01,2026-03-28,,true
JAL,2481,ITM,KOJ,14:00:00,15:15:00,2026-03-01,2026-03-28,,true
JAL,2409,ITM,KOJ,15:00:00,16:15:00,2026-03-01,2026-03-28,,true
JAL,2411,ITM,KOJ,16:20:00,17:35:00,2026-03-01,2026-03-28,,true
JAL,2415,ITM,KOJ,17:20:00,18:35:00,2026-03-01,2026-03-28,,true
JAL,2419,ITM,KOJ,19:55:00,21:10:00,2026-03-01,2026-03-28,,true
JAL,2400,ITM,KOJ,07:25:00,08:35:00,2026-03-01,2026-03-28,,true
JAL,2402,ITM,KOJ,09:00:00,10:10:00,2026-03-01,2026-03-28,,true
JAL,2406,ITM,KOJ,11:00:00,12:05:00,2026-03-01,2026-03-28,,true
JAL,2408,ITM,KOJ,12:35:00,13:40:00,2026-03-01,2026-03-28,,true
JAL,2410,ITM,KOJ,14:45:00,15:50:00,2026-03-01,2026-03-28,,true
JAL,2482,ITM,KOJ,15:45:00,16:50:00,2026-03-01,2026-03-28,,true
JAL,2412,ITM,KOJ,18:10:00,19:20:00,2026-03-01,2026-03-28,,true
JAL,2414,ITM,KOJ,19:10:00,20:30:00,2026-03-01,2026-03-28,,true
JAL,2201,ITM,SDJ,07:25:00,08:40:00,2026-03-01,2026-03-28,,true
JAL,2203,ITM,SDJ,09:30:00,10:40:00,2026-03-01,2026-03-28,,true
JAL,2205,ITM,SDJ,10:40:00,11:50:00,2026-03-01,2026-03-28,,true
JAL,2207,ITM,SDJ,13:45:00,14:55:00,2026-03-01,2026-03-28,,true
JAL,2209,ITM,SDJ,15:40:00,16:50:00,2026-03-01,2026-03-28,,true
JAL,2213,ITM,SDJ,17:00:00,18:10:00,2026-03-01,2026-03-28,,true
JAL,2217,ITM,SDJ,19:55:00,21:05:00,2026-03-01,2026-03-28,,true
JAL,2200,ITM,SDJ,07:35:00,08:55:00,2026-03-01,2026-03-28,,true
JAL,2202,ITM,SDJ,09:15:00,10:40:00,2026-03-01,2026-03-28,,true
JAL,2204,ITM,SDJ,11:15:00,12:35:00,2026-03-01,2026-03-28,,true
JAL,2206,ITM,SDJ,12:45:00,14:05:00,2026-03-01,2026-03-28,,true
JAL,2210,ITM,SDJ,15:25:00,16:45:00,2026-03-01,2026-03-28,,true
JAL,2212,ITM,SDJ,16:10:00,17:35:00,2026-03-01,2026-03-28,,true
JAL,2216,ITM,SDJ,18:45:00,20:20:00,2026-03-01,2026-03-28,,true
JAL,2151,ITM,AOJ,07:35:00,09:05:00,2026-03-01,2026-03-28,,true
JAL,2153,ITM,AOJ,11:55:00,13:20:00,2026-03-01,2026-03-28,,true
JAL,2157,ITM,AOJ,16:15:00,17:45:00,2026-03-01,2026-03-28,,true
JAL,2150,ITM,AOJ,09:40:00,11:15:00,2026-03-01,2026-03-28,,true
JAL,2154,ITM,AOJ,13:55:00,15:35:00,2026-03-01,2026-03-28,,true
JAL,2158,ITM,AOJ,18:25:00,20:15:00,2026-03-01,2026-03-28,,true
JAL,2171,ITM,AXT,08:00:00,09:20:00,2026-03-01,2026-03-28,,true
JAL,2173,ITM,AXT,12:00:00,13:15:00,2026-03-01,2026-03-28,,true
JAL,2179,ITM,AXT,16:30:00,17:50:00,2026-03-01,2026-03-28,,true
JAL,2172,ITM,AXT,09:50:00,11:20:00,2026-03-01,2026-03-28,,true
JAL,2174,ITM,AXT,13:45:00,15:10:00,2026-03-01,2026-03-28,,true
JAL,2176,ITM,AXT,18:20:00,19:50:00,2026-03-01,2026-03-28,,true
JAL,2233,ITM,GAJ,08:00:00,09:20:00,2026-03-01,2026-03-28,,true
JAL,2235,ITM,GAJ,14:05:00,15:15:00,2026-03-01,2026-03-28,,true
JAL,2237,ITM,GAJ,16:30:00,17:40:00,2026-03-01,2026-03-28,,true
JAL,2234,ITM,GAJ,09:00:00,10:25:00,2026-03-01,2026-03-28,,true
JAL,2236,ITM,GAJ,15:45:00,17:05:00,2026-03-01,2026-03-28,,true
JAL,2238,ITM,GAJ,18:10:00,19:30:00,2026-03-01,2026-03-28,,true
JAL,2123,ITM,HKD,11:05:00,12:40:00,2026-03-01,2026-03-28,,true
JAL,2124,ITM,HKD,13:10:00,14:55:00,2026-03-01,2026-03-28,,true
JAL,2345,ITM,IZO,07:05:00,07:55:00,2026-03-01,2026-03-28,,true
JAL,2351,ITM,IZO,11:00:00,11:50:00,2026-03-01,2026-03-28,,true
JAL,2355,ITM,IZO,14:15:00,15:00:00,2026-03-01,2026-03-28,,true
JAL,2357,ITM,IZO,18:05:00,18:55:00,2026-03-01,2026-03-28,,true
JAL,2344,ITM,IZO,08:25:00,09:15:00,2026-03-01,2026-03-28,,true
JAL,2346,ITM,IZO,12:20:00,13:10:00,2026-03-01,2026-03-28,,true
JAL,2356,ITM,IZO,15:35:00,16:25:00,2026-03-01,2026-03-28,,true
JAL,2358,ITM,IZO,19:25:00,20:25:00,2026-03-01,2026-03-28,,true
JAL,2431,ITM,KMI,07:15:00,08:25:00,2026-03-01,2026-03-28,,true
JAL,2433,ITM,KMI,11:15:00,12:20:00,2026-03-01,2026-03-28,,true
JAL,2437,ITM,KMI,14:10:00,15:15:00,2026-03-01,2026-03-28,,true
JAL,2439,ITM,KMI,16:00:00,17:10:00,2026-03-01,2026-03-28,,true
JAL,2443,ITM,KMI,17:30:00,18:35:00,2026-03-01,2026-03-28,,true
JAL,2432,ITM,KMI,09:00:00,10:00:00,2026-03-01,2026-03-28,,true
JAL,2434,ITM,KMI,12:20:00,13:25:00,2026-03-01,2026-03-28,,true
JAL,2438,ITM,KMI,15:50:00,16:55:00,2026-03-01,2026-03-28,,true
JAL,2440,ITM,KMI,17:40:00,18:40:00,2026-03-01,2026-03-28,,true
JAL,2444,ITM,KMI,19:10:00,20:25:00,2026-03-01,2026-03-28,,true
JAL,2465,ITM,ASJ,09:55:00,11:40:00,2026-03-01,2026-03-28,,true
JAL,2464,ITM,ASJ,12:20:00,13:50:00,2026-03-01,2026-03-28,,true
JAL,2181,ITM,HNA,07:25:00,08:50:00,2026-03-01,2026-03-28,,true
JAL,2183,ITM,HNA,11:20:00,12:40:00,2026-03-01,2026-03-28,,true
JAL,2185,ITM,HNA,13:40:00,15:00:00,2026-03-01,2026-03-28,,true
JAL,2187,ITM,HNA,16:45:00,18:05:00,2026-03-01,2026-03-28,,true
JAL,2180,ITM,HNA,09:20:00,10:50:00,2026-03-01,2026-03-28,,true
JAL,2182,ITM,HNA,13:10:00,14:40:00,2026-03-01,2026-03-28,,true
JAL,2186,ITM,HNA,15:30:00,17:00:00,2026-03-01,2026-03-28,,true
JAL,2190,ITM,HNA,18:35:00,20:15:00,2026-03-01,2026-03-28,,true
JAL,2161,ITM,MSJ,09:45:00,11:15:00,2026-03-01,2026-03-28,,true
JAL,2163,ITM,MSJ,15:30:00,17:00:00,2026-03-01,2026-03-28,,true
JAL,2162,ITM,MSJ,11:45:00,13:30:00,2026-03-01,2026-03-28,,true
JAL,2166,ITM,MSJ,17:35:00,19:20:00,2026-03-01,2026-03-28,,true
JAL,2451,ITM,KUM,11:25:00,13:15:00,2026-03-01,2026-03-28,,true
JAL,2450,ITM,KUM,14:40:00,16:15:00,2026-03-01,2026-03-28,,true
JAL,2241,ITM,KIJ,07:05:00,08:10:00,2026-03-01,2026-03-28,,true
JAL,2243,ITM,KIJ,10:45:00,11:50:00,2026-03-01,2026-03-28,,true
JAL,2247,ITM,KIJ,13:15:00,14:15:00,2026-03-01,2026-03-28,,true
JAL,2251,ITM,KIJ,17:10:00,18:10:00,2026-03-01,2026-03-28,,true
JAL,2240,ITM,KIJ,08:40:00,09:50:00,2026-03-01,2026-03-28,,true
JAL,2244,ITM,KIJ,12:25:00,13:35:00,2026-03-01,2026-03-28,,true
JAL,2246,ITM,KIJ,14:45:00,15:55:00,2026-03-01,2026-03-28,,true
JAL,2250,ITM,KIJ,18:40:00,19:55:00,2026-03-01,2026-03-28,,true
JAL,2501,KIX,CTS,09:35:00,11:25:00,2026-03-01,2026-03-28,,true
JAL,2505,KIX,CTS,15:25:00,17:15:00,2026-03-01,2026-03-28,,true
JAL,2504,KIX,CTS,12:05:00,14:25:00,2026-03-01,2026-03-28,,true
JAL,2506,KIX,CTS,18:00:00,20:20:00,2026-03-01,2026-03-28,,true
JAL,001,KIX,OKA,08:20:00,10:45:00,2026-03-01,2026-03-28,JTA運航,true
JAL,005,KIX,OKA,14:00:00,16:25:00,2026-03-01,2026-03-28,JTA運航,true
JAL,009,KIX,OKA,20:10:00,22:30:00,2026-03-01,2026-03-28,JTA運航、3月1～12日5分遅発,true
JAL,002,KIX,OKA,07:10:00,09:00:00,2026-03-01,2026-03-28,JTA運航,true
JAL,004,KIX,OKA,11:20:00,13:15:00,2026-03-01,2026-03-28,JTA運航,true
JAL,008,KIX,OKA,17:35:00,19:25:00,2026-03-01,2026-03-28,JTA運航、3月1～12日5分遅発,true
JAL,083,KIX,ISG,09:50:00,12:40:00,2026-03-01,2026-03-28,JTA運航、3月1～12日5分早発,true
JAL,086,KIX,ISG,20:05:00,22:15:00,2026-03-01,2026-03-28,JTA運航,true
JAL,121,KIX,MMY,07:40:00,10:20:00,2026-03-01,2026-03-28,JTA運航,true
JAL,128,KIX,MMY,19:40:00,21:45:00,2026-03-01,2026-03-28,JTA運航、3月1～12日10分早発,true
JAL,3106,CTS,NGO,10:25:00,12:15:00,2026-03-01,2026-03-28,,true
JAL,3114,CTS,NGO,14:15:00,16:05:00,2026-03-01,2026-03-28,,true
JAL,3118,CTS,NGO,19:20:00,21:10:00,2026-03-01,2026-03-28,,true
JAL,3101,CTS,NGO,08:25:00,10:10:00,2026-03-01,2026-03-28,3月1～12日5分遅発,true
JAL,3107,CTS,NGO,13:10:00,14:50:00,2026-03-01,2026-03-28,,true
JAL,3117,CTS,NGO,16:55:00,18:35:00,2026-03-01,2026-03-28,,true
JAL,3510,CTS,FUK,11:00:00,13:40:00,2026-03-01,2026-03-28,,true
JAL,3512,CTS,FUK,13:50:00,16:30:00,2026-03-01,2026-03-28,,true
JAL,4472,CTS,FUK,17:40:00,20:40:00,2026-03-01,2026-03-28,,true
JAL,4471,CTS,FUK,07:45:00,10:05:00,2026-03-01,2026-03-28,,true
JAL,3513,CTS,FUK,11:55:00,14:10:00,2026-03-01,2026-03-28,,true
JAL,3515,CTS,FUK,14:25:00,16:40:00,2026-03-01,2026-03-28,,true
JAL,3406,CTS,HIJ,15:00:00,17:10:00,2026-03-01,2026-03-28,,true
JAL,3403,CTS,HIJ,11:00:00,12:55:00,2026-03-01,2026-03-28,,true
JAL,2900,CTS,SDJ,07:40:00,08:45:00,2026-03-01,2026-03-28,,true
JAL,2902,CTS,SDJ,11:05:00,12:15:00,2026-03-01,2026-03-28,,true
JAL,2904,CTS,SDJ,14:30:00,15:40:00,2026-03-01,2026-03-28,,true
JAL,2906,CTS,SDJ,18:40:00,19:50:00,2026-03-01,2026-03-28,,true
JAL,2910,CTS,SDJ,19:45:00,20:50:00,2026-03-01,2026-03-28,,true
JAL,2901,CTS,SDJ,07:50:00,09:00:00,2026-03-01,2026-03-28,,true
JAL,2903,CTS,SDJ,09:20:00,10:35:00,2026-03-01,2026-03-28,,true
JAL,2905,CTS,SDJ,12:20:00,13:35:00,2026-03-01,2026-03-28,,true
JAL,2907,CTS,SDJ,17:20:00,18:30:00,2026-03-01,2026-03-28,,true
JAL,2909,CTS,SDJ,20:25:00,21:35:00,2026-03-01,2026-03-28,,true
JAL,2803,CTS,AOJ,10:10:00,11:00:00,2026-03-01,2026-03-28,,true
JAL,2805,CTS,AOJ,13:15:00,14:05:00,2026-03-01,2026-03-28,,true
JAL,2809,CTS,AOJ,19:00:00,19:50:00,2026-03-01,2026-03-28,,true
JAL,2804,CTS,AOJ,11:30:00,12:20:00,2026-03-01,2026-03-28,,true
JAL,2806,CTS,AOJ,14:40:00,15:30:00,2026-03-01,2026-03-28,,true
JAL,2810,CTS,AOJ,20:25:00,21:10:00,2026-03-01,2026-03-28,,true
JAL,4491,CTS,GAJ,12:40:00,14:00:00,2026-03-01,2026-03-28,,true
JAL,4490,CTS,GAJ,10:55:00,12:05:00,2026-03-01,2026-03-28,,true
JAL,2713,CTS,MMB,07:35:00,08:20:00,2026-03-01,2026-03-28,,true
JAL,2715,CTS,MMB,12:40:00,13:25:00,2026-03-01,2026-03-28,,true
JAL,2719,CTS,MMB,16:00:00,16:45:00,2026-03-01,2026-03-28,,true
JAL,2710,CTS,MMB,08:50:00,09:40:00,2026-03-01,2026-03-28,,true
JAL,2714,CTS,MMB,13:55:00,14:45:00,2026-03-01,2026-03-28,,true
JAL,2718,CTS,MMB,17:15:00,18:05:00,2026-03-01,2026-03-28,,true
JAL,2831,CTS,HNA,09:35:00,10:35:00,2026-03-01,2026-03-28,,true
JAL,2839,CTS,HNA,16:20:00,17:20:00,2026-03-01,2026-03-28,,true
JAL,2830,CTS,HNA,11:10:00,12:10:00,2026-03-01,2026-03-28,,true
JAL,2838,CTS,HNA,17:50:00,18:50:00,2026-03-01,2026-03-28,,true
JAL,4353,CTS,MMJ,15:25:00,17:10:00,2026-03-01,2026-03-28,,true
JAL,4352,CTS,MMJ,12:20:00,13:55:00,2026-03-01,2026-03-28,,true
JAL,4324,CTS,FSZ,14:35:00,16:40:00,2026-03-01,2026-03-28,,true
JAL,4323,CTS,FSZ,13:00:00,14:50:00,2026-03-01,2026-03-28,,true
JAL,4483,CTS,KIJ,10:40:00,12:05:00,2026-03-01,2026-03-28,,true
JAL,4485,CTS,KIJ,13:40:00,15:05:00,2026-03-01,2026-03-28,,true
JAL,4484,CTS,KIJ,11:50:00,13:05:00,2026-03-01,2026-03-28,,true
JAL,4486,CTS,KIJ,15:45:00,17:00:00,2026-03-01,2026-03-28,,true
JAL,2823,OKD,AXT,10:45:00,11:55:00,2026-03-01,2026-03-28,,true
JAL,2825,OKD,AXT,17:05:00,18:15:00,2026-03-01,2026-03-28,3月20～28日運航,true
JAL,2824,OKD,AXT,12:25:00,13:30:00,2026-03-01,2026-03-28,,true
JAL,2826,OKD,AXT,18:45:00,19:50:00,2026-03-01,2026-03-28,3月20～28日運航,true
JAL,2721,OKD,MMB,09:05:00,09:50:00,2026-03-01,2026-03-28,,true
JAL,2727,OKD,MMB,17:55:00,18:40:00,2026-03-01,2026-03-28,,true
JAL,2720,OKD,MMB,10:20:00,11:10:00,2026-03-01,2026-03-28,,true
JAL,2726,OKD,MMB,19:10:00,20:00:00,2026-03-01,2026-03-28,,true
JAL,2861,OKD,KUH,08:00:00,08:45:00,2026-03-01,2026-03-28,,true
JAL,2863,OKD,KUH,11:40:00,12:25:00,2026-03-01,2026-03-28,月・火・水・木曜運航,true
JAL,2865,OKD,KUH,14:05:00,14:50:00,2026-03-01,2026-03-28,,true
JAL,2869,OKD,KUH,16:45:00,17:30:00,2026-03-01,2026-03-28,,true
JAL,2860,OKD,KUH,09:15:00,10:05:00,2026-03-01,2026-03-28,,true
JAL,2862,OKD,KUH,12:55:00,13:45:00,2026-03-01,2026-03-28,月・火・水・木曜運航,true
JAL,2864,OKD,KUH,15:20:00,16:10:00,2026-03-01,2026-03-28,,true
JAL,2868,OKD,KUH,18:00:00,18:50:00,2026-03-01,2026-03-28,,true
JAL,2741,OKD,HKD,07:35:00,08:15:00,2026-03-01,2026-03-28,,true
JAL,2743,OKD,HKD,08:25:00,09:05:00,2026-03-01,2026-03-28,,true
JAL,2745,OKD,HKD,10:35:00,11:15:00,2026-03-01,2026-03-28,,true
JAL,2749,OKD,HKD,12:45:00,13:25:00,2026-03-01,2026-03-28,,true
JAL,2753,OKD,HKD,14:45:00,15:25:00,2026-03-01,2026-03-28,,true
JAL,3449,OKD,HKD,17:05:00,17:45:00,2026-03-01,2026-03-28,3月20～28日運休,true
JAL,2755,OKD,HKD,18:05:00,18:45:00,2026-03-01,2026-03-28,土曜運休,true
JAL,2757,OKD,HKD,19:20:00,20:00:00,2026-03-01,2026-03-28,土曜運休,true
JAL,2740,OKD,HKD,07:50:00,08:30:00,2026-03-01,2026-03-28,日曜運休,true
JAL,2742,OKD,HKD,08:45:00,09:25:00,2026-03-01,2026-03-28,,true
JAL,2744,OKD,HKD,09:35:00,10:15:00,2026-03-01,2026-03-28,,true
JAL,2746,OKD,HKD,13:45:00,14:25:00,2026-03-01,2026-03-28,,true
JAL,2748,OKD,HKD,14:00:00,14:40:00,2026-03-01,2026-03-28,,true
JAL,2752,OKD,HKD,15:55:00,16:35:00,2026-03-01,2026-03-28,,true
JAL,3448,OKD,HKD,18:15:00,18:55:00,2026-03-01,2026-03-28,3月20～28日運休,true
JAL,2754,OKD,HKD,19:15:00,19:55:00,2026-03-01,2026-03-28,土曜運休,true
JAL,2817,OKD,MSJ,11:40:00,12:40:00,2026-03-01,2026-03-28,金・土・日曜運航,true
JAL,2816,OKD,MSJ,13:10:00,14:05:00,2026-03-01,2026-03-28,金・土・日曜運航,true
JAL,2733,OKD,SHB,09:55:00,10:45:00,2026-03-01,2026-03-28,,true
JAL,2739,OKD,SHB,15:10:00,16:00:00,2026-03-01,2026-03-28,土曜運休,true
JAL,2732,OKD,SHB,11:15:00,12:10:00,2026-03-01,2026-03-28,,true
JAL,2738,OKD,SHB,16:30:00,17:25:00,2026-03-01,2026-03-28,土曜運休,true
JAL,043,NGO,OKA,07:30:00,10:00:00,2026-03-01,2026-03-28,JTA運航,true
JAL,045,NGO,OKA,08:35:00,11:10:00,2026-03-01,2026-03-28,JTA運航、3月1～12日5分遅発,true
JAL,047,NGO,OKA,15:00:00,17:30:00,2026-03-01,2026-03-28,JTA運航、3月1～12日20分早発15分早着,true
JAL,049,NGO,OKA,18:50:00,21:15:00,2026-03-01,2026-03-28,JTA運航,true
JAL,042,NGO,OKA,12:10:00,14:10:00,2026-03-01,2026-03-28,JTA運航、3月1～12日15分早発20分早着,true
JAL,044,NGO,OKA,16:00:00,17:55:00,2026-03-01,2026-03-28,JTA運航,true
JAL,046,NGO,OKA,19:50:00,21:45:00,2026-03-01,2026-03-28,JTA運航、3月1～12日15分遅発,true
JAL,048,NGO,OKA,20:30:00,22:25:00,2026-03-01,2026-03-28,JTA運航、3月1～12日5分遅発,true
JAL,4515,NGO,KCZ,13:55:00,15:00:00,2026-03-01,2026-03-28,,true
JAL,4517,NGO,KCZ,17:50:00,18:55:00,2026-03-01,2026-03-28,,true
JAL,4512,NGO,KCZ,09:10:00,10:05:00,2026-03-01,2026-03-28,,true
JAL,4516,NGO,KCZ,15:30:00,16:25:00,2026-03-01,2026-03-28,,true
JAL,4521,NGO,IZO,10:40:00,11:45:00,2026-03-01,2026-03-28,,true
JAL,4522,NGO,IZO,12:20:00,13:20:00,2026-03-01,2026-03-28,,true
JAL,4381,NKM,FUK,07:00:00,08:35:00,2026-03-01,2026-03-28,3月20～28日運航,true
JAL,4383,NKM,FUK,08:00:00,09:35:00,2026-03-01,2026-03-28,,true
JAL,4385,NKM,FUK,11:20:00,12:55:00,2026-03-01,2026-03-28,,true
JAL,4393,NKM,FUK,19:45:00,21:20:00,2026-03-01,2026-03-28,,true
JAL,4382,NKM,FUK,09:10:00,10:30:00,2026-03-01,2026-03-28,3月20～28日運航,true
JAL,4390,NKM,FUK,15:25:00,16:45:00,2026-03-01,2026-03-28,,true
JAL,4392,NKM,FUK,18:50:00,20:10:00,2026-03-01,2026-03-28,,true
JAL,4394,NKM,FUK,20:00:00,21:20:00,2026-03-01,2026-03-28,,true
JAL,4401,NKM,KMJ,07:10:00,08:40:00,2026-03-01,2026-03-28,,true
JAL,4403,NKM,KMJ,11:05:00,12:35:00,2026-03-01,2026-03-28,3月20～28日運航,true
JAL,4405,NKM,KMJ,12:20:00,13:50:00,2026-03-01,2026-03-28,,true
JAL,4409,NKM,KMJ,18:00:00,19:30:00,2026-03-01,2026-03-28,,true
JAL,4400,NKM,KMJ,09:20:00,10:40:00,2026-03-01,2026-03-28,,true
JAL,4404,NKM,KMJ,13:10:00,14:30:00,2026-03-01,2026-03-28,3月20～28日運航,true
JAL,4406,NKM,KMJ,14:25:00,15:45:00,2026-03-01,2026-03-28,,true
JAL,4408,NKM,KMJ,20:00:00,21:20:00,2026-03-01,2026-03-28,,true
JAL,4377,NKM,KCZ,07:35:00,08:40:00,2026-03-01,2026-03-28,,true
JAL,4378,NKM,KCZ,19:25:00,20:25:00,2026-03-01,2026-03-28,,true
JAL,4421,NKM,AOJ,08:10:00,09:30:00,2026-03-01,2026-03-28,,true
JAL,4429,NKM,AOJ,17:20:00,18:40:00,2026-03-01,2026-03-28,,true
JAL,4422,NKM,AOJ,10:05:00,11:35:00,2026-03-01,2026-03-28,,true
JAL,4428,NKM,AOJ,19:15:00,20:45:00,2026-03-01,2026-03-28,,true
JAL,4441,NKM,GAJ,09:15:00,10:20:00,2026-03-01,2026-03-28,,true
JAL,4446,NKM,GAJ,14:45:00,16:00:00,2026-03-01,2026-03-28,,true
JAL,4461,NKM,IZO,07:20:00,08:20:00,2026-03-01,2026-03-28,,true
JAL,4465,NKM,IZO,15:05:00,16:05:00,2026-03-01,2026-03-28,3月20～28日の金・土・日曜運航,true
JAL,4467,NKM,IZO,16:35:00,17:35:00,2026-03-01,2026-03-28,,true
JAL,4462,NKM,IZO,08:55:00,09:50:00,2026-03-01,2026-03-28,,true
JAL,4466,NKM,IZO,16:40:00,17:35:00,2026-03-01,2026-03-28,3月20～28日の金・土・日曜運航,true
JAL,4468,NKM,IZO,18:10:00,19:05:00,2026-03-01,2026-03-28,,true
JAL,4411,NKM,HNA,08:30:00,09:40:00,2026-03-01,2026-03-28,,true
JAL,4413,NKM,HNA,12:10:00,13:20:00,2026-03-01,2026-03-28,,true
JAL,4417,NKM,HNA,16:45:00,17:55:00,2026-03-01,2026-03-28,,true
JAL,4412,NKM,HNA,10:15:00,11:40:00,2026-03-01,2026-03-28,,true
JAL,4416,NKM,HNA,16:00:00,17:25:00,2026-03-01,2026-03-28,,true
JAL,4418,NKM,HNA,18:30:00,19:55:00,2026-03-01,2026-03-28,,true
JAL,4433,NKM,KIJ,10:20:00,11:15:00,2026-03-01,2026-03-28,,true
JAL,4437,NKM,KIJ,18:20:00,19:15:00,2026-03-01,2026-03-28,3月20～28日運航,true
JAL,4436,NKM,KIJ,18:15:00,19:15:00,2026-03-01,2026-03-28,,true
JAL,4438,NKM,KIJ,19:50:00,20:50:00,2026-03-01,2026-03-28,3月20～28日運航,true
JAL,051,FUK,OKA,07:15:00,09:00:00,2026-03-01,2026-03-28,JTA運航,true
JAL,053,FUK,OKA,09:35:00,11:30:00,2026-03-01,2026-03-28,JTA運航、3月1～12日5分早発,true
JAL,057,FUK,OKA,13:00:00,14:55:00,2026-03-01,2026-03-28,JTA運航,true
JAL,061,FUK,OKA,15:45:00,17:30:00,2026-03-01,2026-03-28,JTA運航,true
JAL,063,FUK,OKA,17:20:00,19:10:00,2026-03-01,2026-03-28,JTA運航、3月1～12日15分遅発,true
JAL,065,FUK,OKA,20:50:00,22:35:00,2026-03-01,2026-03-28,JTA運航,true
JAL,050,FUK,OKA,07:15:00,08:55:00,2026-03-01,2026-03-28,JTA運航、3月1～12日5分早発,true
JAL,052,FUK,OKA,10:30:00,12:10:00,2026-03-01,2026-03-28,JTA運航,true
JAL,054,FUK,OKA,13:15:00,15:00:00,2026-03-01,2026-03-28,JTA運航,true
JAL,058,FUK,OKA,15:00:00,16:40:00,2026-03-01,2026-03-28,JTA運航、3月1～12日15分遅発,true
JAL,060,FUK,OKA,18:25:00,20:05:00,2026-03-01,2026-03-28,JTA運航,true
JAL,062,FUK,OKA,19:45:00,21:25:00,2026-03-01,2026-03-28,JTA運航,true
JAL,3591,FUK,MYJ,09:05:00,09:45:00,2026-03-01,2026-03-28,,true
JAL,3595,FUK,MYJ,11:15:00,12:05:00,2026-03-01,2026-03-28,,true
JAL,3601,FUK,MYJ,13:15:00,14:05:00,2026-03-01,2026-03-28,,true
JAL,3607,FUK,MYJ,18:00:00,18:45:00,2026-03-01,2026-03-28,,true
JAL,3592,FUK,MYJ,10:15:00,11:10:00,2026-03-01,2026-03-28,,true
JAL,3596,FUK,MYJ,12:35:00,13:25:00,2026-03-01,2026-03-28,,true
JAL,3602,FUK,MYJ,14:35:00,15:25:00,2026-03-01,2026-03-28,,true
JAL,3608,FUK,MYJ,20:05:00,21:05:00,2026-03-01,2026-03-28,,true
JAL,3581,FUK,KCZ,09:10:00,10:00:00,2026-03-01,2026-03-28,,true
JAL,3587,FUK,KCZ,15:30:00,16:20:00,2026-03-01,2026-03-28,,true
JAL,3582,FUK,KCZ,10:30:00,11:35:00,2026-03-01,2026-03-28,,true
JAL,3588,FUK,KCZ,16:55:00,18:00:00,2026-03-01,2026-03-28,,true
JAL,3563,FUK,TKS,09:55:00,11:00:00,2026-03-01,2026-03-28,,true
JAL,3567,FUK,TKS,15:55:00,16:55:00,2026-03-01,2026-03-28,,true
JAL,3564,FUK,TKS,11:30:00,12:45:00,2026-03-01,2026-03-28,,true
JAL,3568,FUK,TKS,17:30:00,18:40:00,2026-03-01,2026-03-28,,true
JAL,3653,FUK,KOJ,14:20:00,15:15:00,2026-03-01,2026-03-28,,true
JAL,3654,FUK,KOJ,15:55:00,16:55:00,2026-03-01,2026-03-28,,true
JAL,4529,FUK,SDJ,09:00:00,10:50:00,2026-03-01,2026-03-28,,true
JAL,4531,FUK,SDJ,14:10:00,16:00:00,2026-03-01,2026-03-28,,true
JAL,4528,FUK,SDJ,11:20:00,13:35:00,2026-03-01,2026-03-28,,true
JAL,4530,FUK,SDJ,16:30:00,18:45:00,2026-03-01,2026-03-28,,true
JAL,3551,FUK,IZO,07:15:00,08:20:00,2026-03-01,2026-03-28,,true
JAL,3555,FUK,IZO,17:35:00,18:40:00,2026-03-01,2026-03-28,,true
JAL,3550,FUK,IZO,11:00:00,12:15:00,2026-03-01,2026-03-28,,true
JAL,3554,FUK,IZO,19:10:00,20:20:00,2026-03-01,2026-03-28,,true
JAL,3623,FUK,KMI,07:20:00,08:00:00,2026-03-01,2026-03-28,,true
JAL,3625,FUK,KMI,11:50:00,12:40:00,2026-03-01,2026-03-28,,true
JAL,3629,FUK,KMI,12:30:00,13:20:00,2026-03-01,2026-03-28,,true
JAL,3633,FUK,KMI,13:55:00,14:40:00,2026-03-01,2026-03-28,,true
JAL,3635,FUK,KMI,15:20:00,16:05:00,2026-03-01,2026-03-28,,true
JAL,3639,FUK,KMI,19:15:00,20:00:00,2026-03-01,2026-03-28,,true
JAL,3641,FUK,KMI,20:10:00,21:00:00,2026-03-01,2026-03-28,,true
JAL,3620,FUK,KMI,07:35:00,08:30:00,2026-03-01,2026-03-28,,true
JAL,3624,FUK,KMI,08:30:00,09:20:00,2026-03-01,2026-03-28,,true
JAL,3626,FUK,KMI,13:10:00,14:05:00,2026-03-01,2026-03-28,,true
JAL,3630,FUK,KMI,13:50:00,14:45:00,2026-03-01,2026-03-28,,true
JAL,3634,FUK,KMI,15:10:00,16:00:00,2026-03-01,2026-03-28,,true
JAL,3636,FUK,KMI,16:35:00,17:25:00,2026-03-01,2026-03-28,,true
JAL,3642,FUK,KMI,20:35:00,21:30:00,2026-03-01,2026-03-28,,true
JAL,3681,FUK,ASJ,07:05:00,08:15:00,2026-03-01,2026-03-28,,true
JAL,3684,FUK,ASJ,18:10:00,19:35:00,2026-03-01,2026-03-28,,true
JAL,4525,FUK,HNA,13:30:00,15:25:00,2026-03-01,2026-03-28,,true
JAL,4524,FUK,HNA,13:55:00,16:20:00,2026-03-01,2026-03-28,,true
JAL,3673,FUK,KUM,12:55:00,14:10:00,2026-03-01,2026-03-28,,true
JAL,3676,FUK,KUM,12:25:00,13:40:00,2026-03-01,2026-03-28,,true
JAL,4079,FUK,TSJ,07:45:00,08:20:00,2026-03-01,2026-03-28,,true
JAL,4081,FUK,TSJ,09:55:00,10:30:00,2026-03-01,2026-03-28,,true
JAL,4080,FUK,TSJ,08:50:00,09:25:00,2026-03-01,2026-03-28,,true
JAL,4084,FUK,TSJ,11:00:00,11:35:00,2026-03-01,2026-03-28,,true
JAL,4095,FUK,FUJ,12:10:00,13:00:00,2026-03-01,2026-03-28,,true
JAL,4099,FUK,FUJ,15:40:00,16:30:00,2026-03-01,2026-03-28,,true
JAL,4097,FUK,FUJ,16:40:00,17:25:00,2026-03-01,2026-03-28,,true
JAL,4094,FUK,FUJ,10:50:00,11:35:00,2026-03-01,2026-03-28,,true
JAL,4098,FUK,FUJ,14:20:00,15:05:00,2026-03-01,2026-03-28,,true
JAL,4096,FUK,FUJ,17:55:00,18:40:00,2026-03-01,2026-03-28,,true
JAL,4341,FUK,MMJ,08:05:00,09:30:00,2026-03-01,2026-03-28,,true
JAL,4345,FUK,MMJ,10:25:00,11:50:00,2026-03-01,2026-03-28,,true
JAL,4344,FUK,MMJ,13:30:00,15:20:00,2026-03-01,2026-03-28,,true
JAL,4348,FUK,MMJ,17:55:00,19:55:00,2026-03-01,2026-03-28,,true
JAL,3891,FUK,AXJ,08:50:00,09:25:00,2026-03-01,2026-03-28,,true
JAL,3895,FUK,AXJ,16:55:00,17:30:00,2026-03-01,2026-03-28,,true
JAL,3899,FUK,AXJ,19:10:00,19:45:00,2026-03-01,2026-03-28,,true
JAL,3890,FUK,AXJ,07:40:00,08:20:00,2026-03-01,2026-03-28,,true
JAL,3894,FUK,AXJ,15:45:00,16:25:00,2026-03-01,2026-03-28,,true
JAL,3898,FUK,AXJ,18:00:00,18:40:00,2026-03-01,2026-03-28,,true
JAL,4315,FUK,FSZ,10:05:00,11:30:00,2026-03-01,2026-03-28,,true
JAL,4317,FUK,FSZ,17:00:00,18:25:00,2026-03-01,2026-03-28,,true
JAL,4319,FUK,FSZ,19:20:00,20:45:00,2026-03-01,2026-03-28,,true
JAL,4312,FUK,FSZ,08:00:00,09:50:00,2026-03-01,2026-03-28,,true
JAL,4314,FUK,FSZ,16:25:00,18:20:00,2026-03-01,2026-03-28,,true
JAL,4316,FUK,FSZ,17:30:00,19:25:00,2026-03-01,2026-03-28,,true
JAL,4477,FUK,KIJ,15:55:00,17:35:00,2026-03-01,2026-03-28,,true
JAL,4476,FUK,KIJ,12:40:00,14:45:00,2026-03-01,2026-03-28,,true
JAL,601,OKA,ISG,07:10:00,08:15:00,2026-03-01,2026-03-28,JTA運航,true
JAL,605,OKA,ISG,09:50:00,10:50:00,2026-03-01,2026-03-28,JTA運航、3月1～12日5分早発,true
JAL,607,OKA,ISG,10:40:00,11:45:00,2026-03-01,2026-03-28,JTA運航、3月1～12日5分早発,true
JAL,609,OKA,ISG,12:35:00,13:40:00,2026-03-01,2026-03-28,JTA運航,true
JAL,617,OKA,ISG,15:00:00,16:05:00,2026-03-01,2026-03-28,JTA運航、3月1～12日5分早発10分早着,true
JAL,621,OKA,ISG,17:05:00,18:10:00,2026-03-01,2026-03-28,JTA運航、3月1～12日30分遅発,true
JAL,625,OKA,ISG,18:15:00,19:20:00,2026-03-01,2026-03-28,JTA運航、3月1～12日5分遅発,true
JAL,600,OKA,ISG,08:55:00,09:55:00,2026-03-01,2026-03-28,JTA運航,true
JAL,608,OKA,ISG,11:30:00,12:30:00,2026-03-01,2026-03-28,JTA運航、3月1～12日5分早発,true
JAL,610,OKA,ISG,12:25:00,13:30:00,2026-03-01,2026-03-28,JTA運航、3月1～12日5分早発,true
JAL,612,OKA,ISG,13:20:00,14:20:00,2026-03-01,2026-03-28,JTA運航、3月1～12日5分早発,true
JAL,614,OKA,ISG,14:20:00,15:20:00,2026-03-01,2026-03-28,JTA運航,true
JAL,622,OKA,ISG,16:45:00,17:45:00,2026-03-01,2026-03-28,JTA運航、3月1～12日10分早発,true
JAL,626,OKA,ISG,18:50:00,19:50:00,2026-03-01,2026-03-28,JTA運航,true
JAL,551,OKA,MMY,07:15:00,08:10:00,2026-03-01,2026-03-28,JTA運航,true
JAL,801,OKA,MMY,08:00:00,08:55:00,2026-03-01,2026-03-28,RAC運航,true
JAL,557,OKA,MMY,10:40:00,11:30:00,2026-03-01,2026-03-28,JTA運航、3月1～12日5分遅発,true
JAL,559,OKA,MMY,11:50:00,12:50:00,2026-03-01,2026-03-28,JTA運航、3月1～12日15分遅発,true
JAL,563,OKA,MMY,14:20:00,15:20:00,2026-03-01,2026-03-28,JTA運航,true
JAL,565,OKA,MMY,15:35:00,16:30:00,2026-03-01,2026-03-28,JTA運航,true
JAL,567,OKA,MMY,16:20:00,17:15:00,2026-03-01,2026-03-28,JTA運航、3月1～12日運休,true
JAL,571,OKA,MMY,17:30:00,18:25:00,2026-03-01,2026-03-28,JTA運航、3月1～12日55分早発,true
JAL,573,OKA,MMY,18:10:00,19:00:00,2026-03-01,2026-03-28,JTA運航、3月1～12日15分早発10分早着,true
JAL,552,OKA,MMY,08:55:00,09:45:00,2026-03-01,2026-03-28,JTA運航,true
JAL,556,OKA,MMY,11:00:00,11:55:00,2026-03-01,2026-03-28,JTA運航,true
JAL,558,OKA,MMY,12:10:00,13:00:00,2026-03-01,2026-03-28,JTA運航、3月1～12日5分遅発,true
JAL,560,OKA,MMY,13:25:00,14:20:00,2026-03-01,2026-03-28,JTA運航、3月1～12日15分遅発,true
JAL,562,OKA,MMY,16:00:00,16:50:00,2026-03-01,2026-03-28,JTA運航,true
JAL,564,OKA,MMY,17:10:00,18:00:00,2026-03-01,2026-03-28,JTA運航,true
JAL,566,OKA,MMY,18:00:00,18:55:00,2026-03-01,2026-03-28,JTA運航、3月1～12日運休,true
JAL,572,OKA,MMY,19:05:00,19:55:00,2026-03-01,2026-03-28,JTA運航、3月1～12日55分早発50分早着,true
JAL,804,OKA,MMY,20:00:00,20:55:00,2026-03-01,2026-03-28,RAC運航,true
JAL,016,OKA,OKJ,18:40:00,20:25:00,2026-03-01,2026-03-28,JTA運航,true
JAL,013,OKA,OKJ,08:30:00,10:40:00,2026-03-01,2026-03-28,JTA運航,true
JAL,3867,OKA,ASJ,13:50:00,14:50:00,2026-03-01,2026-03-28,,true
JAL,815,OKA,RNJ,13:15:00,13:55:00,2026-03-01,2026-03-28,RAC運航,true
JAL,3866,OKA,RNJ,12:30:00,13:10:00,2026-03-01,2026-03-28,,true
JAL,816,OKA,RNJ,14:25:00,15:00:00,2026-03-01,2026-03-28,RAC運航,true
JAL,721,OKA,OGN,07:20:00,08:40:00,2026-03-01,2026-03-28,RAC運航,true
JAL,727,OKA,OGN,14:50:00,16:15:00,2026-03-01,2026-03-28,RAC運航,true
JAL,724,OKA,OGN,11:30:00,12:40:00,2026-03-01,2026-03-28,RAC運航,true
JAL,728,OKA,OGN,18:50:00,20:05:00,2026-03-01,2026-03-28,RAC運航,true
JAL,036,OKA,KMQ,11:25:00,13:35:00,2026-03-01,2026-03-28,JTA運航,true
JAL,037,OKA,KMQ,14:15:00,16:55:00,2026-03-01,2026-03-28,JTA運航,true
JAL,4041,NGS,IKI,08:55:00,09:25:00,2026-03-01,2026-03-28,,true
JAL,4043,NGS,IKI,16:45:00,17:15:00,2026-03-01,2026-03-28,,true
JAL,4042,NGS,IKI,09:55:00,10:25:00,2026-03-01,2026-03-28,,true
JAL,4044,NGS,IKI,17:45:00,18:15:00,2026-03-01,2026-03-28,,true
JAL,4051,NGS,TSJ,07:30:00,08:05:00,2026-03-01,2026-03-28,,true
JAL,4053,NGS,TSJ,11:00:00,11:35:00,2026-03-01,2026-03-28,,true
JAL,4061,NGS,TSJ,19:00:00,19:35:00,2026-03-01,2026-03-28,,true
JAL,4052,NGS,TSJ,08:35:00,09:15:00,2026-03-01,2026-03-28,,true
JAL,4054,NGS,TSJ,12:05:00,12:45:00,2026-03-01,2026-03-28,,true
JAL,4062,NGS,TSJ,20:05:00,20:45:00,2026-03-01,2026-03-28,,true
JAL,4073,NGS,FUJ,09:50:00,10:20:00,2026-03-01,2026-03-28,,true
JAL,4075,NGS,FUJ,13:20:00,13:50:00,2026-03-01,2026-03-28,,true
JAL,4077,NGS,FUJ,14:35:00,15:05:00,2026-03-01,2026-03-28,金・土・日曜運航,true
JAL,4074,NGS,FUJ,13:30:00,14:00:00,2026-03-01,2026-03-28,,true
JAL,4076,NGS,FUJ,15:35:00,16:05:00,2026-03-01,2026-03-28,金・土・日曜運航,true
JAL,4078,NGS,FUJ,17:00:00,17:30:00,2026-03-01,2026-03-28,,true
JAL,3873,KMJ,AXJ,14:50:00,15:15:00,2026-03-01,2026-03-28,,true
JAL,3872,KMJ,AXJ,09:55:00,10:15:00,2026-03-01,2026-03-28,,true
JAL,3686,MYJ,KOJ,20:20:00,21:20:00,2026-03-01,2026-03-28,,true
JAL,3687,MYJ,KOJ,18:55:00,19:50:00,2026-03-01,2026-03-28,,true
JAL,3721,KOJ,ASJ,07:40:00,08:55:00,2026-03-01,2026-03-28,,true
JAL,3725,KOJ,ASJ,08:45:00,10:00:00,2026-03-01,2026-03-28,3月1～8日運休,true
JAL,3727,KOJ,ASJ,10:20:00,11:15:00,2026-03-01,2026-03-28,,true
JAL,3729,KOJ,ASJ,11:50:00,12:45:00,2026-03-01,2026-03-28,,true
JAL,3731,KOJ,ASJ,13:15:00,14:10:00,2026-03-01,2026-03-28,,true
JAL,3733,KOJ,ASJ,13:45:00,15:00:00,2026-03-01,2026-03-28,3月1～8日運航,true
JAL,3735,KOJ,ASJ,16:45:00,17:40:00,2026-03-01,2026-03-28,,true
JAL,3737,KOJ,ASJ,17:10:00,18:25:00,2026-03-01,2026-03-28,3月1～8日5分遅発,true
JAL,3722,KOJ,ASJ,08:50:00,09:40:00,2026-03-01,2026-03-28,,true
JAL,3724,KOJ,ASJ,10:45:00,11:55:00,2026-03-01,2026-03-28,3月1～8日運休,true
JAL,3726,KOJ,ASJ,11:50:00,12:40:00,2026-03-01,2026-03-28,,true
JAL,3728,KOJ,ASJ,13:15:00,14:05:00,2026-03-01,2026-03-28,,true
JAL,3730,KOJ,ASJ,14:40:00,15:35:00,2026-03-01,2026-03-28,,true
JAL,3732,KOJ,ASJ,15:30:00,16:35:00,2026-03-01,2026-03-28,3月1～8日運航,true
JAL,3734,KOJ,ASJ,17:30:00,18:35:00,2026-03-01,2026-03-28,,true
JAL,3738,KOJ,ASJ,19:00:00,20:05:00,2026-03-01,2026-03-28,,true
JAL,3791,KOJ,TKN,07:50:00,09:10:00,2026-03-01,2026-03-28,,true
JAL,3793,KOJ,TKN,08:50:00,09:55:00,2026-03-01,2026-03-28,,true
JAL,3795,KOJ,TKN,13:00:00,14:30:00,2026-03-01,2026-03-28,,true
JAL,3797,KOJ,TKN,16:05:00,17:10:00,2026-03-01,2026-03-28,,true
JAL,3792,KOJ,TKN,10:25:00,11:20:00,2026-03-01,2026-03-28,,true
JAL,3794,KOJ,TKN,15:00:00,16:15:00,2026-03-01,2026-03-28,,true
JAL,3796,KOJ,TKN,17:40:00,18:35:00,2026-03-01,2026-03-28,,true
JAL,3798,KOJ,TKN,19:00:00,20:10:00,2026-03-01,2026-03-28,,true
JAL,3761,KOJ,TNE,08:10:00,08:50:00,2026-03-01,2026-03-28,,true
JAL,3763,KOJ,TNE,11:00:00,11:40:00,2026-03-01,2026-03-28,,true
JAL,3769,KOJ,TNE,15:25:00,16:05:00,2026-03-01,2026-03-28,,true
JAL,3777,KOJ,TNE,16:50:00,17:30:00,2026-03-01,2026-03-28,,true
JAL,3760,KOJ,TNE,09:20:00,09:55:00,2026-03-01,2026-03-28,,true
JAL,3764,KOJ,TNE,12:15:00,12:50:00,2026-03-01,2026-03-28,,true
JAL,3768,KOJ,TNE,16:35:00,17:10:00,2026-03-01,2026-03-28,,true
JAL,3772,KOJ,TNE,18:00:00,18:35:00,2026-03-01,2026-03-28,,true
JAL,3741,KOJ,KUM,08:50:00,09:30:00,2026-03-01,2026-03-28,,true
JAL,3743,KOJ,KUM,10:30:00,11:10:00,2026-03-01,2026-03-28,,true
JAL,3745,KOJ,KUM,11:15:00,11:55:00,2026-03-01,2026-03-28,,true
JAL,3755,KOJ,KUM,16:50:00,17:30:00,2026-03-01,2026-03-28,,true
JAL,3759,KOJ,KUM,17:50:00,18:30:00,2026-03-01,2026-03-28,,true
JAL,3740,KOJ,KUM,10:00:00,10:35:00,2026-03-01,2026-03-28,,true
JAL,3744,KOJ,KUM,11:40:00,12:20:00,2026-03-01,2026-03-28,,true
JAL,3746,KOJ,KUM,13:45:00,14:20:00,2026-03-01,2026-03-28,,true
JAL,3752,KOJ,KUM,18:05:00,18:40:00,2026-03-01,2026-03-28,,true
JAL,3756,KOJ,KUM,19:00:00,19:35:00,2026-03-01,2026-03-28,,true
JAL,3825,KOJ,RNJ,11:10:00,12:50:00,2026-03-01,2026-03-28,,true
JAL,3826,KOJ,RNJ,13:20:00,14:45:00,2026-03-01,2026-03-28,,true
JAL,3783,KOJ,KKX,07:35:00,08:45:00,2026-03-01,2026-03-28,,true
JAL,3785,KOJ,KKX,13:30:00,14:40:00,2026-03-01,2026-03-28,,true
JAL,3780,KOJ,KKX,09:15:00,10:20:00,2026-03-01,2026-03-28,,true
JAL,3786,KOJ,KKX,15:10:00,16:15:00,2026-03-01,2026-03-28,,true
JAL,4306,KOJ,FSZ,14:25:00,15:50:00,2026-03-01,2026-03-28,,true
JAL,4305,KOJ,FSZ,12:05:00,13:55:00,2026-03-01,2026-03-28,,true
JAL,2891,HKD,OIR,11:45:00,12:15:00,2026-03-01,2026-03-28,,true
JAL,2890,HKD,OIR,12:45:00,13:15:00,2026-03-01,2026-03-28,,true
JAL,832,ISG,MMY,12:35:00,13:05:00,2026-03-01,2026-03-28,RAC運航、3月27日運航,true
JAL,834,ISG,MMY,14:40:00,15:15:00,2026-03-01,2026-03-28,RAC運航,true
JAL,838,ISG,MMY,18:55:00,19:25:00,2026-03-01,2026-03-28,RAC運航,true
JAL,831,ISG,MMY,11:35:00,12:05:00,2026-03-01,2026-03-28,RAC運航,true
JAL,833,ISG,MMY,13:35:00,14:10:00,2026-03-01,2026-03-28,RAC運航、3月27日運航,true
JAL,839,ISG,MMY,17:40:00,18:10:00,2026-03-01,2026-03-28,RAC運航,true
JAL,741,ISG,OGN,10:15:00,10:45:00,2026-03-01,2026-03-28,RAC運航,true
JAL,743,ISG,OGN,12:35:00,13:05:00,2026-03-01,2026-03-28,RAC運航、3月27日運休,true
JAL,747,ISG,OGN,17:50:00,18:20:00,2026-03-01,2026-03-28,RAC運航,true
JAL,742,ISG,OGN,09:10:00,09:40:00,2026-03-01,2026-03-28,RAC運航,true
JAL,744,ISG,OGN,13:35:00,14:05:00,2026-03-01,2026-03-28,RAC運航、3月27日運休,true
JAL,746,ISG,OGN,16:50:00,17:20:00,2026-03-01,2026-03-28,RAC運航,true
JAL,4336,IZO,FSZ,11:10:00,12:20:00,2026-03-01,2026-03-28,,true
JAL,4337,IZO,FSZ,09:05:00,10:25:00,2026-03-01,2026-03-28,,true
JAL,3841,ASJ,TKN,10:55:00,11:30:00,2026-03-01,2026-03-28,,true
JAL,3843,ASJ,TKN,18:00:00,18:30:00,2026-03-01,2026-03-28,,true
JAL,3842,ASJ,TKN,09:40:00,10:10:00,2026-03-01,2026-03-28,,true
JAL,3844,ASJ,TKN,16:45:00,17:15:00,2026-03-01,2026-03-28,,true
JAL,3861,ASJ,RNJ,11:15:00,12:00:00,2026-03-01,2026-03-28,,true
JAL,3831,ASJ,KKX,09:25:00,09:45:00,2026-03-01,2026-03-28,,true
JAL,3837,ASJ,KKX,15:45:00,16:05:00,2026-03-01,2026-03-28,,true
JAL,3830,ASJ,KKX,10:15:00,10:35:00,2026-03-01,2026-03-28,,true
JAL,3836,ASJ,KKX,16:35:00,16:55:00,2026-03-01,2026-03-28,,true
